[
	{
		"location_name": "ATLANTA EAST - GA",
		"port_тame": "SAVANNAH,GA",
		"cost_usd": 595
	},
	{
		"location_name": "ATLANTA NORTH - GA",
		"port_тame": "SAVANNAH,GA",
		"cost_usd": 595
	},
	{
		"location_name": "ATLANTA SOUTH - GA",
		"port_тame": "SAVANNAH,GA",
		"cost_usd": 595
	},
	{
		"location_name": "ATLANTA WEST - GA",
		"port_тame": "SAVANNAH,GA",
		"cost_usd": 595
	},
	{
		"location_name": "BIRMINGHAM - AL",
		"port_тame": "SAVANNAH,GA",
		"cost_usd": 675
	},
	{
		"location_name": "CARTERSVILLE - GA",
		"port_тame": "SAVANNAH,GA",
		"cost_usd": 570
	},
	{
		"location_name": "CHARLESTON - SC",
		"port_тame": "SAVANNAH,GA",
		"cost_usd": 520
	},
	{
		"location_name": "CHINA GROVE - NC",
		"port_тame": "SAVANNAH,GA",
		"cost_usd": 595
	},
	{
		"location_name": "COLUMBIA - SC",
		"port_тame": "SAVANNAH,GA",
		"cost_usd": 490
	},
	{
		"location_name": "CONCORD - NC",
		"port_тame": "SAVANNAH,GA",
		"cost_usd": 570
	},
	{
		"location_name": "DANVILLE - VA",
		"port_тame": "SAVANNAH,GA",
		"cost_usd": 645
	},
	{
		"location_name": "ATLANTA GA",
		"port_тame": "SAVANNAH,GA",
		"cost_usd": 595
	},
	{
		"location_name": "DOTHAN - AL",
		"port_тame": "SAVANNAH,GA",
		"cost_usd": 700
	},
	{
		"location_name": "GREER - SC",
		"port_тame": "SAVANNAH,GA",
		"cost_usd": 495
	},
	{
		"location_name": "JACKSONVILLE EAST - FL",
		"port_тame": "SAVANNAH,GA",
		"cost_usd": 470
	},
	{
		"location_name": "JACKSONVILLE NORTH -FL",
		"port_тame": "SAVANNAH,GA",
		"cost_usd": 470
	},
	{
		"location_name": "JACKSONVILLE WEST - FL",
		"port_тame": "SAVANNAH,GA",
		"cost_usd": 470
	},
	{
		"location_name": "KNOXVILLE - TN",
		"port_тame": "SAVANNAH,GA",
		"cost_usd": 670
	},
	{
		"location_name": "LUMBERTON -NC",
		"port_тame": "SAVANNAH,GA",
		"cost_usd": 545
	},
	{
		"location_name": "MACON - GA",
		"port_тame": "SAVANNAH,GA",
		"cost_usd": 520
	},
	{
		"location_name": "MEBANE - NC",
		"port_тame": "SAVANNAH,GA",
		"cost_usd": 570
	},
	{
		"location_name": "MEMPHIS - TN",
		"port_тame": "SAVANNAH,GA",
		"cost_usd": 770
	},
	{
		"location_name": "MOBILE - AL",
		"port_тame": "SAVANNAH,GA",
		"cost_usd": 650
	},
	{
		"location_name": "MOCKSVILLE - NC",
		"port_тame": "SAVANNAH,GA",
		"cost_usd": 570
	},
	{
		"location_name": "MONTGOMERY - AL",
		"port_тame": "SAVANNAH,GA",
		"cost_usd": 675
	},
	{
		"location_name": "NASHVILLE - TN",
		"port_тame": "SAVANNAH,GA",
		"cost_usd": 670
	},
	{
		"location_name": "ORLANDO - FL",
		"port_тame": "SAVANNAH,GA",
		"cost_usd": 570
	},
	{
		"location_name": "ORLANDO NORTH - FL",
		"port_тame": "SAVANNAH,GA",
		"cost_usd": 570
	},
	{
		"location_name": "ORLANDO SOUTH - FL",
		"port_тame": "SAVANNAH,GA",
		"cost_usd": 570
	},
	{
		"location_name": "RALEIGH - NC",
		"port_тame": "SAVANNAH,GA",
		"cost_usd": 570
	},
	{
		"location_name": "NORTH CHARLESTON",
		"port_тame": "SAVANNAH,GA",
		"cost_usd": 495
	},
	{
		"location_name": "OCALA - FL",
		"port_тame": "SAVANNAH,GA",
		"cost_usd": 520
	},
	{
		"location_name": "TALLAHASSEE - FL",
		"port_тame": "SAVANNAH,GA",
		"cost_usd": 595
	},
	{
		"location_name": "TAMPA SOUTH - FL",
		"port_тame": "SAVANNAH,GA",
		"cost_usd": 570
	},
	{
		"location_name": "TANNER - AL",
		"port_тame": "SAVANNAH,GA",
		"cost_usd": 750
	},
	{
		"location_name": "TIFTON - GA",
		"port_тame": "SAVANNAH,GA",
		"cost_usd": 520
	},
	{
		"location_name": "SAVANNAH - GA",
		"port_тame": "SAVANNAH,GA",
		"cost_usd": 395
	},
	{
		"location_name": "ASHEVILLE",
		"port_тame": "SAVANNAH,GA",
		"cost_usd": 620
	},
	{
		"location_name": "CHARLOTTE (NC)",
		"port_тame": "SAVANNAH,GA",
		"cost_usd": 570
	},
	{
		"location_name": "FAIRBURN-GA",
		"port_тame": "SAVANNAH,GA",
		"cost_usd": 545
	},
	{
		"location_name": "GREENVILLE (SC)",
		"port_тame": "SAVANNAH,GA",
		"cost_usd": 520
	},
	{
		"location_name": "RALEIGH NORTH-NC",
		"port_тame": "SAVANNAH,GA",
		"cost_usd": 595
	},
	{
		"location_name": "NEW ORLEANS - LA",
		"port_тame": "SAVANNAH,GA",
		"cost_usd": 670
	},
	{
		"location_name": "SPARTANBURG",
		"port_тame": "SAVANNAH,GA",
		"cost_usd": 570
	},
	{
		"location_name": "GASTONIA-NC",
		"port_тame": "SAVANNAH,GA",
		"cost_usd": 570
	},
	{
		"location_name": "SHADY SPRING-VW",
		"port_тame": "SAVANNAH,GA",
		"cost_usd": 745
	},
	{
		"location_name": "AUGUSTA - GA",
		"port_тame": "SAVANNAH,GA",
		"cost_usd": 570
	},
	{
		"location_name": "GRENADA (MS)",
		"port_тame": "SAVANNAH,GA",
		"cost_usd": 770
	},
	{
		"location_name": "GREENSBORO (NC)",
		"port_тame": "SAVANNAH,GA",
		"cost_usd": 595
	},
	{
		"location_name": "CHATTANOOGA-TN",
		"port_тame": "SAVANNAH,GA",
		"cost_usd": 720
	},
	{
		"location_name": "GASTON SC",
		"port_тame": "SAVANNAH,GA",
		"cost_usd": 520
	},
	{
		"location_name": "LEXINGTON SC",
		"port_тame": "SAVANNAH,GA",
		"cost_usd": 545
	},
	{
		"location_name": "Pensacola FL",
		"port_тame": "SAVANNAH,GA",
		"cost_usd": 645
	},
	{
		"location_name": "Ashland KY",
		"port_тame": "SAVANNAH,GA",
		"cost_usd": 720
	},
	{
		"location_name": "Wilmington (NC)",
		"port_тame": "SAVANNAH,GA",
		"cost_usd": 620
	},
	{
		"location_name": "Crashedtoys Atlanta Copart",
		"port_тame": "SAVANNAH,GA",
		"cost_usd": 560
	},
	{
		"location_name": "TAMPA NORTH - FL",
		"port_тame": "SAVANNAH,GA",
		"cost_usd": 600
	},
	{
		"location_name": "TAMPA NORTH - FL",
		"port_тame": "SAVANNAH,GA",
		"cost_usd": 600
	},
	{
		"location_name": "TAMPA - FL",
		"port_тame": "SAVANNAH,GA",
		"cost_usd": 600
	},
	{
		"location_name": "Huntsville - AL",
		"port_тame": "SAVANNAH,GA",
		"cost_usd": 720
	},
	{
		"location_name": "KANSAS CITY - KS",
		"port_тame": "CHICAGO,IL",
		"cost_usd": 695
	},
	{
		"location_name": "Kansas City East - MO",
		"port_тame": "CHICAGO,IL",
		"cost_usd": 695
	},
	{
		"location_name": "Crashedtoys Minneapolis Copart",
		"port_тame": "CHICAGO,IL",
		"cost_usd": 535
	},
	{
		"location_name": "Bowling Green",
		"port_тame": "CHICAGO,IL",
		"cost_usd": 660
	},
	{
		"location_name": "Portage WI",
		"port_тame": "CHICAGO,IL",
		"cost_usd": 625
	},
	{
		"location_name": "Paducah",
		"port_тame": "CHICAGO,IL",
		"cost_usd": 695
	},
	{
		"location_name": "Casper - WY",
		"port_тame": "CHICAGO,IL",
		"cost_usd": 1220
	},
	{
		"location_name": "Specialty Division IL",
		"port_тame": "CHICAGO,IL",
		"cost_usd": 520
	},
	{
		"location_name": "CUDAHY WI",
		"port_тame": "CHICAGO,IL",
		"cost_usd": 650
	},
	{
		"location_name": "MI-WAYLAND",
		"port_тame": "CHICAGO,IL",
		"cost_usd": 650
	},
	{
		"location_name": "BRIDGETON MO",
		"port_тame": "CHICAGO,IL",
		"cost_usd": 620
	},
	{
		"location_name": "ELK RIVER MN",
		"port_тame": "CHICAGO,IL",
		"cost_usd": 645
	},
	{
		"location_name": "HAM LAKE MN",
		"port_тame": "CHICAGO,IL",
		"cost_usd": 620
	},
	{
		"location_name": "SAINT LOUIS MO",
		"port_тame": "CHICAGO,IL",
		"cost_usd": 620
	},
	{
		"location_name": "Louisville North - KY",
		"port_тame": "CHICAGO,IL",
		"cost_usd": 695
	},
	{
		"location_name": "MILWAUKEE NORTH - WI",
		"port_тame": "CHICAGO,IL",
		"cost_usd": 550
	},
	{
		"location_name": "MILWAUKEE SOUTH - WI",
		"port_тame": "CHICAGO,IL",
		"cost_usd": 550
	},
	{
		"location_name": "Western Colorado - CO",
		"port_тame": "CHICAGO,IL",
		"cost_usd": 920
	},
	{
		"location_name": "CHICAGO HEIGHTS IL",
		"port_тame": "CHICAGO,IL",
		"cost_usd": 520
	},
	{
		"location_name": "SOUTH BEND (IN)",
		"port_тame": "CHICAGO,IL",
		"cost_usd": 570
	},
	{
		"location_name": "OMAHA (NE)",
		"port_тame": "CHICAGO,IL",
		"cost_usd": 645
	},
	{
		"location_name": "RAPID CITY - SD",
		"port_тame": "CHICAGO,IL",
		"cost_usd": 920
	},
	{
		"location_name": "Chicago-West IL",
		"port_тame": "CHICAGO,IL",
		"cost_usd": 470
	},
	{
		"location_name": "COLORADO SPRINGS - CO",
		"port_тame": "CHICAGO,IL",
		"cost_usd": 920
	},
	{
		"location_name": "BISMARCK - ND",
		"port_тame": "CHICAGO,IL",
		"cost_usd": 1370
	},
	{
		"location_name": "DYER-IN",
		"port_тame": "CHICAGO,IL",
		"cost_usd": 520
	},
	{
		"location_name": "MEMPHIS-TN",
		"port_тame": "CHICAGO,IL",
		"cost_usd": 695
	},
	{
		"location_name": "EARLINGTON-KY",
		"port_тame": "CHICAGO,IL",
		"cost_usd": 720
	},
	{
		"location_name": "FARGO (ND)",
		"port_тame": "CHICAGO,IL",
		"cost_usd": 1170
	},
	{
		"location_name": "NASHVILLE - TN",
		"port_тame": "CHICAGO,IL",
		"cost_usd": 670
	},
	{
		"location_name": "COLUMBUS - OH",
		"port_тame": "CHICAGO,IL",
		"cost_usd": 675
	},
	{
		"location_name": "Seattle(WA)",
		"port_тame": "CHICAGO,IL",
		"cost_usd": 1470
	},
	{
		"location_name": "REDDING",
		"port_тame": "CHICAGO,IL",
		"cost_usd": 1670
	},
	{
		"location_name": "WALTON - KY",
		"port_тame": "CHICAGO,IL",
		"cost_usd": 620
	},
	{
		"location_name": "DAYTON - OH",
		"port_тame": "CHICAGO,IL",
		"cost_usd": 725
	},
	{
		"location_name": "WHEELING - IL",
		"port_тame": "CHICAGO,IL",
		"cost_usd": 445
	},
	{
		"location_name": "GRAND RAPIDS (MI)",
		"port_тame": "CHICAGO,IL",
		"cost_usd": 700
	},
	{
		"location_name": "MINNEAPOLIS NORTH - MN",
		"port_тame": "CHICAGO,IL",
		"cost_usd": 620
	},
	{
		"location_name": "SIOUX FALLS (SD)",
		"port_тame": "CHICAGO,IL",
		"cost_usd": 845
	},
	{
		"location_name": "SIKESTON - MO",
		"port_тame": "CHICAGO,IL",
		"cost_usd": 695
	},
	{
		"location_name": "SOUTHERN ILLINOIS - IL",
		"port_тame": "CHICAGO,IL",
		"cost_usd": 745
	},
	{
		"location_name": "SPRINGFIELD - MO",
		"port_тame": "CHICAGO,IL",
		"cost_usd": 720
	},
	{
		"location_name": "ST. CLOUD - MN",
		"port_тame": "CHICAGO,IL",
		"cost_usd": 695
	},
	{
		"location_name": "ST. LOUIS - IL",
		"port_тame": "CHICAGO,IL",
		"cost_usd": 620
	},
	{
		"location_name": "PASCO - WA",
		"port_тame": "CHICAGO,IL",
		"cost_usd": 1470
	},
	{
		"location_name": "MILWAUKEE - WI",
		"port_тame": "CHICAGO,IL",
		"cost_usd": 550
	},
	{
		"location_name": "MADISON - WI",
		"port_тame": "CHICAGO,IL",
		"cost_usd": 525
	},
	{
		"location_name": "LOUISVILLE - KY",
		"port_тame": "CHICAGO,IL",
		"cost_usd": 695
	},
	{
		"location_name": "LANSING - MI",
		"port_тame": "CHICAGO,IL",
		"cost_usd": 800
	},
	{
		"location_name": "LEXINGTON EAST - KY",
		"port_тame": "CHICAGO,IL",
		"cost_usd": 645
	},
	{
		"location_name": "LEXINGTON WEST - KY",
		"port_тame": "CHICAGO,IL",
		"cost_usd": 645
	},
	{
		"location_name": "LINCOLN - NE",
		"port_тame": "CHICAGO,IL",
		"cost_usd": 720
	},
	{
		"location_name": "KINCHELOE - MI",
		"port_тame": "CHICAGO,IL",
		"cost_usd": 1050
	},
	{
		"location_name": "INDIANAPOLIS - IN",
		"port_тame": "CHICAGO,IL",
		"cost_usd": 620
	},
	{
		"location_name": "IONIA - MI",
		"port_тame": "CHICAGO,IL",
		"cost_usd": 600
	},
	{
		"location_name": "HAMMOND - IN",
		"port_тame": "CHICAGO,IL",
		"cost_usd": 470
	},
	{
		"location_name": "FLINT - MI",
		"port_тame": "CHICAGO,IL",
		"cost_usd": 700
	},
	{
		"location_name": "FORT WAYNE - IN",
		"port_тame": "CHICAGO,IL",
		"cost_usd": 570
	},
	{
		"location_name": "DAVENPORT - IA",
		"port_тame": "CHICAGO,IL",
		"cost_usd": 645
	},
	{
		"location_name": "DENVER - CO",
		"port_тame": "CHICAGO,IL",
		"cost_usd": 820
	},
	{
		"location_name": "DENVER CENTRAL - CO",
		"port_тame": "CHICAGO,IL",
		"cost_usd": 820
	},
	{
		"location_name": "DENVER SOUTH - CO",
		"port_тame": "CHICAGO,IL",
		"cost_usd": 820
	},
	{
		"location_name": "DES MOINES - IA",
		"port_тame": "CHICAGO,IL",
		"cost_usd": 580
	},
	{
		"location_name": "DETROIT - MI",
		"port_тame": "CHICAGO,IL",
		"cost_usd": 700
	},
	{
		"location_name": "ELDRIDGE - IA",
		"port_тame": "CHICAGO,IL",
		"cost_usd": 620
	},
	{
		"location_name": "MINNEAPOLIS-MN",
		"port_тame": "CHICAGO,IL",
		"cost_usd": 620
	},
	{
		"location_name": "PEORIA-IL",
		"port_тame": "CHICAGO,IL",
		"cost_usd": 545
	},
	{
		"location_name": "CHICAGO NORTH - IL",
		"port_тame": "CHICAGO,IL",
		"cost_usd": 470
	},
	{
		"location_name": "CHICAGO SOUTH - IL",
		"port_тame": "CHICAGO,IL",
		"cost_usd": 420
	},
	{
		"location_name": "BILLINGS - MT",
		"port_тame": "CHICAGO,IL",
		"cost_usd": 1370
	},
	{
		"location_name": "COLUMBIA - MO",
		"port_тame": "CHICAGO,IL",
		"cost_usd": 620
	},
	{
		"location_name": "CICERO-IN",
		"port_тame": "CHICAGO,IL",
		"cost_usd": 520
	},
	{
		"location_name": "APPLETON - WI",
		"port_тame": "CHICAGO,IL",
		"cost_usd": 600
	},
	{
		"location_name": "BATON ROUGE - LA",
		"port_тame": "HOUSTON,TX",
		"cost_usd": 595
	},
	{
		"location_name": "AUSTIN - TX",
		"port_тame": "HOUSTON,TX",
		"cost_usd": 520
	},
	{
		"location_name": "ABILENE - TX",
		"port_тame": "HOUSTON,TX",
		"cost_usd": 620
	},
	{
		"location_name": "ALBUQUERQUE - NM",
		"port_тame": "HOUSTON,TX",
		"cost_usd": 970
	},
	{
		"location_name": "AMARILLO - TX",
		"port_тame": "HOUSTON,TX",
		"cost_usd": 695
	},
	{
		"location_name": "ANDREWS-TX",
		"port_тame": "HOUSTON,TX",
		"cost_usd": 695
	},
	{
		"location_name": "CORPUS CHRISTI - TX",
		"port_тame": "HOUSTON,TX",
		"cost_usd": 545
	},
	{
		"location_name": "DALLAS SOUTH - TX",
		"port_тame": "HOUSTON,TX",
		"cost_usd": 570
	},
	{
		"location_name": "FAYETTEVILLE - AR",
		"port_тame": "HOUSTON,TX",
		"cost_usd": 720
	},
	{
		"location_name": "EL PASO - TX",
		"port_тame": "HOUSTON,TX",
		"cost_usd": 720
	},
	{
		"location_name": "DALLAS- TX",
		"port_тame": "HOUSTON,TX",
		"cost_usd": 570
	},
	{
		"location_name": "FT.WORTH - TX",
		"port_тame": "HOUSTON,TX",
		"cost_usd": 545
	},
	{
		"location_name": "LITTLE ROCK - AR",
		"port_тame": "HOUSTON,TX",
		"cost_usd": 695
	},
	{
		"location_name": "LUFKIN - TX",
		"port_тame": "HOUSTON,TX",
		"cost_usd": 495
	},
	{
		"location_name": "LONGVIEW - TX",
		"port_тame": "HOUSTON,TX",
		"cost_usd": 520
	},
	{
		"location_name": "HOUSTON - TX",
		"port_тame": "HOUSTON,TX",
		"cost_usd": 470
	},
	{
		"location_name": "MCALLEN - TX",
		"port_тame": "HOUSTON,TX",
		"cost_usd": 580
	},
	{
		"location_name": "NEW ORLEANS - LA",
		"port_тame": "HOUSTON,TX",
		"cost_usd": 670
	},
	{
		"location_name": "SHREVEPORT - LA",
		"port_тame": "HOUSTON,TX",
		"cost_usd": 545
	},
	{
		"location_name": "OKLAHOMA CITY - OK",
		"port_тame": "HOUSTON,TX",
		"cost_usd": 795
	},
	{
		"location_name": "SAN ANTONIO - TX",
		"port_тame": "HOUSTON,TX",
		"cost_usd": 545
	},
	{
		"location_name": "WICHITA - KS",
		"port_тame": "HOUSTON,TX",
		"cost_usd": 820
	},
	{
		"location_name": "FONTANA",
		"port_тame": "HOUSTON,TX",
		"cost_usd": 1370
	},
	{
		"location_name": "FREMONT",
		"port_тame": "HOUSTON,TX",
		"cost_usd": 1420
	},
	{
		"location_name": "EAST BAY",
		"port_тame": "HOUSTON,TX",
		"cost_usd": 1470
	},
	{
		"location_name": "NORTH HOLLYWOOD",
		"port_тame": "HOUSTON,TX",
		"cost_usd": 1420
	},
	{
		"location_name": "SACRAMENTO",
		"port_тame": "HOUSTON,TX",
		"cost_usd": 1470
	},
	{
		"location_name": "SAN BERNARDINO",
		"port_тame": "HOUSTON,TX",
		"cost_usd": 1245
	},
	{
		"location_name": "HAYWARD",
		"port_тame": "HOUSTON,TX",
		"cost_usd": 1470
	},
	{
		"location_name": "MARTINEZ",
		"port_тame": "HOUSTON,TX",
		"cost_usd": 1620
	},
	{
		"location_name": "PHOENIX",
		"port_тame": "HOUSTON,TX",
		"cost_usd": 1045
	},
	{
		"location_name": "TULSA - OK",
		"port_тame": "HOUSTON,TX",
		"cost_usd": 795
	},
	{
		"location_name": "LAFAYETTE (LA)",
		"port_тame": "HOUSTON,TX",
		"cost_usd": 545
	},
	{
		"location_name": "LUBBOCK",
		"port_тame": "HOUSTON,TX",
		"cost_usd": 695
	},
	{
		"location_name": "ANTELOPE",
		"port_тame": "HOUSTON,TX",
		"cost_usd": 1470
	},
	{
		"location_name": "SAN JOSE",
		"port_тame": "HOUSTON,TX",
		"cost_usd": 1670
	},
	{
		"location_name": "SAN DIEGO",
		"port_тame": "HOUSTON,TX",
		"cost_usd": 1220
	},
	{
		"location_name": "WACO - TX",
		"port_тame": "HOUSTON,TX",
		"cost_usd": 570
	},
	{
		"location_name": "VAN NUYS - CA",
		"port_тame": "HOUSTON,TX",
		"cost_usd": 1420
	},
	{
		"location_name": "DENVER CENTRAL-CO",
		"port_тame": "HOUSTON,TX",
		"cost_usd": 945
	},
	{
		"location_name": "LAS VEGAS (NV)",
		"port_тame": "HOUSTON,TX",
		"cost_usd": 1070
	},
	{
		"location_name": "COLORADO SPRINGS - CO",
		"port_тame": "HOUSTON,TX",
		"cost_usd": 970
	},
	{
		"location_name": "DENVER EAST - CO",
		"port_тame": "HOUSTON,TX",
		"cost_usd": 945
	},
	{
		"location_name": "FORT WORTH NORTH (TX)",
		"port_тame": "HOUSTON,TX",
		"cost_usd": 595
	},
	{
		"location_name": "TAYLOR TX",
		"port_тame": "HOUSTON,TX",
		"cost_usd": 595
	},
	{
		"location_name": "JACKSON",
		"port_тame": "HOUSTON,TX",
		"cost_usd": 645
	},
	{
		"location_name": "New Orleans East - LA",
		"port_тame": "HOUSTON,TX",
		"cost_usd": 670
	},
	{
		"location_name": "Permian Basin - TX",
		"port_тame": "HOUSTON,TX",
		"cost_usd": 720
	},
	{
		"location_name": "Gulf Coast (MS)",
		"port_тame": "HOUSTON,TX",
		"cost_usd": 720
	},
	{
		"location_name": "Crashedtoys Dallas Copart",
		"port_тame": "HOUSTON,TX",
		"cost_usd": 535
	},
	{
		"location_name": "AUSTIN NORTH IAAI",
		"port_тame": "HOUSTON,TX",
		"cost_usd": 485
	},
	{
		"location_name": "San Antonio-South - TX",
		"port_тame": "HOUSTON,TX",
		"cost_usd": 545
	},
	{
		"location_name": "HOUSTON EAST - TX",
		"port_тame": "HOUSTON,TX",
		"cost_usd": 500
	},
	{
		"location_name": "Houston South - TX",
		"port_тame": "HOUSTON,TX",
		"cost_usd": 500
	},
	{
		"location_name": "Houston-North - TX",
		"port_тame": "HOUSTON,TX",
		"cost_usd": 500
	},
	{
		"location_name": "ACE - Perris",
		"port_тame": "LOSANGELES,CA",
		"cost_usd": 510
	},
	{
		"location_name": "ACE - Perris 2",
		"port_тame": "LOSANGELES,CA",
		"cost_usd": 510
	},
	{
		"location_name": "Colton - CA",
		"port_тame": "LOSANGELES,CA",
		"cost_usd": 480
	},
	{
		"location_name": "Eugene OR",
		"port_тame": "LOSANGELES,CA",
		"cost_usd": 1070
	},
	{
		"location_name": "LANCASTER CA",
		"port_тame": "LOSANGELES,CA",
		"cost_usd": 520
	},
	{
		"location_name": "AMERICAN CANYON CA",
		"port_тame": "LOSANGELES,CA",
		"cost_usd": 745
	},
	{
		"location_name": "MODESTO CA",
		"port_тame": "LOSANGELES,CA",
		"cost_usd": 720
	},
	{
		"location_name": "SPANAWAY",
		"port_тame": "LOSANGELES,CA",
		"cost_usd": 1120
	},
	{
		"location_name": "Los Angeles South - CA",
		"port_тame": "LOSANGELES,CA",
		"cost_usd": 520
	},
	{
		"location_name": "Provo (UT)",
		"port_тame": "LOSANGELES,CA",
		"cost_usd": 800
	},
	{
		"location_name": "ARROLIME NV",
		"port_тame": "LOSANGELES,CA",
		"cost_usd": 720
	},
	{
		"location_name": "SANTA PAULA CA",
		"port_тame": "LOSANGELES,CA",
		"cost_usd": 470
	},
	{
		"location_name": "SAN MARTIN-CA",
		"port_тame": "LOSANGELES,CA",
		"cost_usd": 670
	},
	{
		"location_name": "PUYALLUP (WA)",
		"port_тame": "LOSANGELES,CA",
		"cost_usd": 1120
	},
	{
		"location_name": "DREAM RIDES",
		"port_тame": "LOSANGELES,CA",
		"cost_usd": 720
	},
	{
		"location_name": "ACE - Carson (CA)",
		"port_тame": "LOSANGELES,CA",
		"cost_usd": 545
	},
	{
		"location_name": "BOISE-ID",
		"port_тame": "LOSANGELES,CA",
		"cost_usd": 1020
	},
	{
		"location_name": "PHOENIX",
		"port_тame": "LOSANGELES,CA",
		"cost_usd": 620
	},
	{
		"location_name": "MENTONE - CA",
		"port_тame": "LOSANGELES,CA",
		"cost_usd": 520
	},
	{
		"location_name": "HIGH DESERT - CA",
		"port_тame": "LOSANGELES,CA",
		"cost_usd": 450
	},
	{
		"location_name": "NORTH SEATTLE-WA",
		"port_тame": "LOSANGELES,CA",
		"cost_usd": 1120
	},
	{
		"location_name": "ADELANTO-CA",
		"port_тame": "LOSANGELES,CA",
		"cost_usd": 520
	},
	{
		"location_name": "HELENA-MT",
		"port_тame": "LOSANGELES,CA",
		"cost_usd": 1220
	},
	{
		"location_name": "GRAHAM-WA",
		"port_тame": "LOSANGELES,CA",
		"cost_usd": 1120
	},
	{
		"location_name": "ANAHEIM (CA)",
		"port_тame": "LOSANGELES,CA",
		"cost_usd": 460
	},
	{
		"location_name": "PORTLAND (OR)",
		"port_тame": "LOSANGELES,CA",
		"cost_usd": 970
	},
	{
		"location_name": "Seattle (WA)",
		"port_тame": "LOSANGELES,CA",
		"cost_usd": 1120
	},
	{
		"location_name": "EAST BAY (CA)",
		"port_тame": "LOSANGELES,CA",
		"cost_usd": 695
	},
	{
		"location_name": "NORTH HOLLYWOOD - СА",
		"port_тame": "LOSANGELES,CA",
		"cost_usd": 470
	},
	{
		"location_name": "LAS VEGAS - NV",
		"port_тame": "LOSANGELES,CA",
		"cost_usd": 720
	},
	{
		"location_name": "VALLEJO - CA",
		"port_тame": "LOSANGELES,CA",
		"cost_usd": 720
	},
	{
		"location_name": "VAN NUYS - CA",
		"port_тame": "LOSANGELES,CA",
		"cost_usd": 470
	},
	{
		"location_name": "FREMONT",
		"port_тame": "LOSANGELES,CA",
		"cost_usd": 645
	},
	{
		"location_name": "FONTANA",
		"port_тame": "LOSANGELES,CA",
		"cost_usd": 520
	},
	{
		"location_name": "SAN BERNARDINO- CA",
		"port_тame": "LOSANGELES,CA",
		"cost_usd": 470
	},
	{
		"location_name": "SAN DIEGO - CA",
		"port_тame": "LOSANGELES,CA",
		"cost_usd": 520
	},
	{
		"location_name": "SAN JOSE - CA",
		"port_тame": "LOSANGELES,CA",
		"cost_usd": 695
	},
	{
		"location_name": "SALT LAKE CITY - UT",
		"port_тame": "LOSANGELES,CA",
		"cost_usd": 745
	},
	{
		"location_name": "OGDEN- UT",
		"port_тame": "LOSANGELES,CA",
		"cost_usd": 670
	},
	{
		"location_name": "RANCHO CUCAMONGA - CA",
		"port_тame": "LOSANGELES,CA",
		"cost_usd": 470
	},
	{
		"location_name": "REDDING - CA",
		"port_тame": "LOSANGELES,CA",
		"cost_usd": 795
	},
	{
		"location_name": "RENO - NV",
		"port_тame": "LOSANGELES,CA",
		"cost_usd": 820
	},
	{
		"location_name": "Fort Myers-FL",
		"port_тame": "LOSANGELES,CA",
		"cost_usd": 695
	},
	{
		"location_name": "TUCSON - AZ",
		"port_тame": "LOSANGELES,CA",
		"cost_usd": 645
	},
	{
		"location_name": "SUN VALLEY - CA",
		"port_тame": "LOSANGELES,CA",
		"cost_usd": 470
	},
	{
		"location_name": "SO SACRAMENTO - CA",
		"port_тame": "LOSANGELES,CA",
		"cost_usd": 695
	},
	{
		"location_name": "LOS ANGELES - CA",
		"port_тame": "LOSANGELES,CA",
		"cost_usd": 470
	},
	{
		"location_name": "MARTINEZ - CA",
		"port_тame": "LOSANGELES,CA",
		"cost_usd": 670
	},
	{
		"location_name": "LONG BEACH - CA",
		"port_тame": "LOSANGELES,CA",
		"cost_usd": 420
	},
	{
		"location_name": "FRESNO - CA",
		"port_тame": "LOSANGELES,CA",
		"cost_usd": 620
	},
	{
		"location_name": "HAYWARD - CA",
		"port_тame": "LOSANGELES,CA",
		"cost_usd": 670
	},
	{
		"location_name": "HONOLULU - HI",
		"port_тame": "LOSANGELES,CA",
		"cost_usd": 2700
	},
	{
		"location_name": "SACRAMENTO - CA",
		"port_тame": "LOSANGELES,CA",
		"cost_usd": 645
	},
	{
		"location_name": "CASPER - WY",
		"port_тame": "LOSANGELES,CA",
		"cost_usd": 1270
	},
	{
		"location_name": "ANTELOPE - CA",
		"port_тame": "LOSANGELES,CA",
		"cost_usd": 645
	},
	{
		"location_name": "BAKERSFIELD - CA",
		"port_тame": "LOSANGELES,CA",
		"cost_usd": 570
	},
	{
		"location_name": "BALTIMORE - MD",
		"port_тame": "New York, NY",
		"cost_usd": 570
	},
	{
		"location_name": "BUFFALO - NY",
		"port_тame": "New York, NY",
		"cost_usd": 745
	},
	{
		"location_name": "CANDIA - NH",
		"port_тame": "New York, NY",
		"cost_usd": 645
	},
	{
		"location_name": "ALTOONA - PA",
		"port_тame": "New York, NY",
		"cost_usd": 690
	},
	{
		"location_name": "ALBANY - NY",
		"port_тame": "New York, NY",
		"cost_usd": 525
	},
	{
		"location_name": "CHAMBERSBURG - PA",
		"port_тame": "New York, NY",
		"cost_usd": 620
	},
	{
		"location_name": "CHARLESTON - WV",
		"port_тame": "New York, NY",
		"cost_usd": 770
	},
	{
		"location_name": "CLEVELAND EAST - OH",
		"port_тame": "New York, NY",
		"cost_usd": 850
	},
	{
		"location_name": "CLEVELAND WEST - OH",
		"port_тame": "New York, NY",
		"cost_usd": 850
	},
	{
		"location_name": "CULPEPER - VA",
		"port_тame": "New York, NY",
		"cost_usd": 620
	},
	{
		"location_name": "EAST BETHEL - MN",
		"port_тame": "New York, NY",
		"cost_usd": 870
	},
	{
		"location_name": "EXETER - RI",
		"port_тame": "New York, NY",
		"cost_usd": 595
	},
	{
		"location_name": "FREDERICKSBURG - VA",
		"port_тame": "New York, NY",
		"cost_usd": 620
	},
	{
		"location_name": "GLASSBORO EAST - NJ",
		"port_тame": "New York, NY",
		"cost_usd": 470
	},
	{
		"location_name": "HAMPTON - VA",
		"port_тame": "New York, NY",
		"cost_usd": 620
	},
	{
		"location_name": "HARRISBURG - PA",
		"port_тame": "New York, NY",
		"cost_usd": 570
	},
	{
		"location_name": "HARTFORD - CT",
		"port_тame": "New York, NY",
		"cost_usd": 505
	},
	{
		"location_name": "HARTFORD SPRINGFIELD-CT",
		"port_тame": "New York, NY",
		"cost_usd": 505
	},
	{
		"location_name": "LONG ISLAND - NY",
		"port_тame": "New York, NY",
		"cost_usd": 520
	},
	{
		"location_name": "LYMAN - ME",
		"port_тame": "New York, NY",
		"cost_usd": 720
	},
	{
		"location_name": "NEWBURGH - NY",
		"port_тame": "New York, NY",
		"cost_usd": 520
	},
	{
		"location_name": "NORTH BOSTON - MA",
		"port_тame": "New York, NY",
		"cost_usd": 645
	},
	{
		"location_name": "PHILADELPHIA - PA",
		"port_тame": "New York, NY",
		"cost_usd": 500
	},
	{
		"location_name": "PHILADELPHIA EAST",
		"port_тame": "New York, NY",
		"cost_usd": 500
	},
	{
		"location_name": "PHILADELPHIA EAST - SUBLOT - PA",
		"port_тame": "New York, NY",
		"cost_usd": 470
	},
	{
		"location_name": "MINNEAPOLIS - MN",
		"port_тame": "New York, NY",
		"cost_usd": 770
	},
	{
		"location_name": "MINNEAPOLIS NORTH - MN",
		"port_тame": "New York, NY",
		"cost_usd": 770
	},
	{
		"location_name": "SOMERVILLE - NJ",
		"port_тame": "New York, NY",
		"cost_usd": 445
	},
	{
		"location_name": "SOUTH BOSTON - MA",
		"port_тame": "New York, NY",
		"cost_usd": 620
	},
	{
		"location_name": "SYRACUSE - NY",
		"port_тame": "New York, NY",
		"cost_usd": 590
	},
	{
		"location_name": "SCRANTON - PA",
		"port_тame": "New York, NY",
		"cost_usd": 545
	},
	{
		"location_name": "SEAFORD - DE",
		"port_тame": "New York, NY",
		"cost_usd": 570
	},
	{
		"location_name": "TRENTON - NJ",
		"port_тame": "New York, NY",
		"cost_usd": 495
	},
	{
		"location_name": "PITTSBURG SOUTH - PA",
		"port_тame": "New York, NY",
		"cost_usd": 745
	},
	{
		"location_name": "PITTSBURGH EAST - PA",
		"port_тame": "New York, NY",
		"cost_usd": 745
	},
	{
		"location_name": "PITTSBURGH NORTH - PA",
		"port_тame": "New York, NY",
		"cost_usd": 745
	},
	{
		"location_name": "PITTSBURGH WEST - PA",
		"port_тame": "New York, NY",
		"cost_usd": 745
	},
	{
		"location_name": "RICHMOND - VA",
		"port_тame": "New York, NY",
		"cost_usd": 670
	},
	{
		"location_name": "RICHMOND EAST-VA",
		"port_тame": "New York, NY",
		"cost_usd": 670
	},
	{
		"location_name": "ROCHESTER - NY",
		"port_тame": "New York, NY",
		"cost_usd": 670
	},
	{
		"location_name": "WASHINGTON DC - MD",
		"port_тame": "New York, NY",
		"cost_usd": 595
	},
	{
		"location_name": "WEST WARREN - MA",
		"port_тame": "New York, NY",
		"cost_usd": 595
	},
	{
		"location_name": "TAUNTON (MA)",
		"port_тame": "New York, NY",
		"cost_usd": 645
	},
	{
		"location_name": "Dream Rides",
		"port_тame": "New York, NY",
		"cost_usd": 620
	},
	{
		"location_name": "DAYTON (OH)",
		"port_тame": "New York, NY",
		"cost_usd": 850
	},
	{
		"location_name": "YORK HAVEN - PA",
		"port_тame": "New York, NY",
		"cost_usd": 570
	},
	{
		"location_name": "AVENEL NEW JERSEY (NJ)",
		"port_тame": "New York, NY",
		"cost_usd": 445
	},
	{
		"location_name": "BOSTON - SHIRLEY",
		"port_тame": "New York, NY",
		"cost_usd": 645
	},
	{
		"location_name": "CENTRAL NEW JERSEY",
		"port_тame": "New York, NY",
		"cost_usd": 445
	},
	{
		"location_name": "CINCINNATI - OH",
		"port_тame": "New York, NY",
		"cost_usd": 750
	},
	{
		"location_name": "ENGLISHTOWN (NJ)",
		"port_тame": "New York, NY",
		"cost_usd": 445
	},
	{
		"location_name": "ERIE",
		"port_тame": "New York, NY",
		"cost_usd": 795
	},
	{
		"location_name": "METRO DC",
		"port_тame": "New York, NY",
		"cost_usd": 595
	},
	{
		"location_name": "NEW CASTLE",
		"port_тame": "New York, NY",
		"cost_usd": 570
	},
	{
		"location_name": "NORTHERN VIRGINIA (VA)",
		"port_тame": "New York, NY",
		"cost_usd": 670
	},
	{
		"location_name": "PULASKI",
		"port_тame": "New York, NY",
		"cost_usd": 720
	},
	{
		"location_name": "SAYREVILLE (NJ)",
		"port_тame": "New York, NY",
		"cost_usd": 470
	},
	{
		"location_name": "TEMPLETON (MA)",
		"port_тame": "New York, NY",
		"cost_usd": 620
	},
	{
		"location_name": "TIDEWATER (VA)",
		"port_тame": "New York, NY",
		"cost_usd": 670
	},
	{
		"location_name": "ELKTON – MD",
		"port_тame": "New York, NY",
		"cost_usd": 570
	},
	{
		"location_name": "DUNDALK - MD",
		"port_тame": "New York, NY",
		"cost_usd": 595
	},
	{
		"location_name": "COLUMBUS - OH",
		"port_тame": "New York, NY",
		"cost_usd": 800
	},
	{
		"location_name": "DETROIT - MI",
		"port_тame": "New York, NY",
		"cost_usd": 825
	},
	{
		"location_name": "Orleans - VT",
		"port_тame": "New York, NY",
		"cost_usd": 820
	},
	{
		"location_name": "Manchester (NH)",
		"port_тame": "New York, NY",
		"cost_usd": 670
	},
	{
		"location_name": "Burlington (VT)",
		"port_тame": "New York, NY",
		"cost_usd": 870
	},
	{
		"location_name": "BRIDGEPORT (PA)",
		"port_тame": "New York, NY",
		"cost_usd": 545
	},
	{
		"location_name": "AKRON-CANTON (OH)",
		"port_тame": "New York, NY",
		"cost_usd": 800
	},
	{
		"location_name": "WEST MIFFLIN PA",
		"port_тame": "New York, NY",
		"cost_usd": 770
	},
	{
		"location_name": "JOBSTOWN NJ",
		"port_тame": "New York, NY",
		"cost_usd": 520
	},
	{
		"location_name": "ALDEN NY",
		"port_тame": "New York, NY",
		"cost_usd": 745
	},
	{
		"location_name": "HUDSON MA",
		"port_тame": "New York, NY",
		"cost_usd": 645
	},
	{
		"location_name": "MALVERN PA",
		"port_тame": "New York, NY",
		"cost_usd": 445
	},
	{
		"location_name": "NEW BRITAIN CT",
		"port_тame": "New York, NY",
		"cost_usd": 505
	},
	{
		"location_name": "PORTLAND GORHAM (ME)",
		"port_тame": "New York, NY",
		"cost_usd": 720
	},
	{
		"location_name": "WINDHAM - ME",
		"port_тame": "New York, NY",
		"cost_usd": 720
	},
	{
		"location_name": "Port Murray - NJ",
		"port_тame": "New York, NY",
		"cost_usd": 520
	},
	{
		"location_name": "Roanoke (VA)",
		"port_тame": "New York, NY",
		"cost_usd": 720
	},
	{
		"location_name": "STATEN ISLAND NY",
		"port_тame": "New York, NY",
		"cost_usd": 520
	},
	{
		"location_name": "PENNSBURG PA",
		"port_тame": "New York, NY",
		"cost_usd": 520
	},
	{
		"location_name": "SOUTHERN NEW JERSEY",
		"port_тame": "New York, NY",
		"cost_usd": 545
	},
	{
		"location_name": "FAIR HAVEN",
		"port_тame": "New York, NY",
		"cost_usd": 870
	},
	{
		"location_name": "GORHAM",
		"port_тame": "New York, NY",
		"cost_usd": 720
	},
	{
		"location_name": "Buckhannon MV",
		"port_тame": "New York, NY",
		"cost_usd": 820
	},
	{
		"location_name": "WHITE MARSH MD",
		"port_тame": "New York, NY",
		"cost_usd": 620
	},
	{
		"location_name": "FRUITLAND MD",
		"port_тame": "New York, NY",
		"cost_usd": 620
	},
	{
		"location_name": "AMSTERDAM NY",
		"port_тame": "New York, NY",
		"cost_usd": 620
	},
	{
		"location_name": "Baltimore IAAI",
		"port_тame": "New York, NY",
		"cost_usd": 535
	},
	{
		"location_name": "Baltimore East Copart",
		"port_тame": "New York, NY",
		"cost_usd": 535
	},
	{
		"location_name": "FREETOWN - MA",
		"port_тame": "New York, NY",
		"cost_usd": 645
	},
	{
		"location_name": "Suffolk VA",
		"port_тame": "New York, NY",
		"cost_usd": 645
	},
	{
		"location_name": "RUTLAND - VT",
		"port_тame": "New York, NY",
		"cost_usd": 870
	},
	{
		"location_name": "Laurel - MD",
		"port_тame": "New York, NY",
		"cost_usd": 620
	},
	{
		"location_name": "YORK SPRINGS - PA",
		"port_тame": "New York, NY",
		"cost_usd": 535
	},
	{
		"location_name": "PROVIDENCE - RI",
		"port_тame": "New York, NY",
		"cost_usd": 645
	},
	{
		"location_name": "Cleveland - OH",
		"port_тame": "New York, NY",
		"cost_usd": 850
	},
	{
		"location_name": "Fredericksburg-South - VA",
		"port_тame": "New York, NY",
		"cost_usd": 620
	},
	{
		"location_name": "GLASSBORO WEST - NJ",
		"port_тame": "New York, NY",
		"cost_usd": 500
	},
	{
		"location_name": "Hartford-South - CT",
		"port_тame": "New York, NY",
		"cost_usd": 510
	},
	{
		"location_name": "TAMPA - FL",
		"port_тame": "Florida, FL",
		"cost_usd": 600
	},
	{
		"location_name": "TAMPA SOUTH - FL",
		"port_тame": "Florida, FL",
		"cost_usd": 570
	},
	{
		"location_name": "FL-OCALA",
		"port_тame": "Florida, FL",
		"cost_usd": 545
	},
	{
		"location_name": "THONOTOSASSA FL",
		"port_тame": "Florida, FL",
		"cost_usd": 620
	},
	{
		"location_name": "CLEWISTON FL",
		"port_тame": "Florida, FL",
		"cost_usd": 595
	},
	{
		"location_name": "CLEARWATER-FL",
		"port_тame": "Florida, FL",
		"cost_usd": 570
	},
	{
		"location_name": "Fort Myers-FL",
		"port_тame": "Florida, FL",
		"cost_usd": 620
	},
	{
		"location_name": "ORLANDO NORTH-FL",
		"port_тame": "Florida, FL",
		"cost_usd": 495
	},
	{
		"location_name": "ORLANDO(FL)",
		"port_тame": "Florida, FL",
		"cost_usd": 545
	},
	{
		"location_name": "PENSACOLA (FL)",
		"port_тame": "Florida, FL",
		"cost_usd": 695
	},
	{
		"location_name": "WEST PALM BEACH - FL",
		"port_тame": "Florida, FL",
		"cost_usd": 470
	},
	{
		"location_name": "PUNTA GORDA - FL",
		"port_тame": "Florida, FL",
		"cost_usd": 520
	},
	{
		"location_name": "MIAMI CENTRAL - FL",
		"port_тame": "Florida, FL",
		"cost_usd": 470
	},
	{
		"location_name": "MIAMI NORTH - FL",
		"port_тame": "Florida, FL",
		"cost_usd": 470
	},
	{
		"location_name": "MIAMI SOUTH - FL",
		"port_тame": "Florida, FL",
		"cost_usd": 470
	},
	{
		"location_name": "FT.PIERCE - FL",
		"port_тame": "Florida, FL",
		"cost_usd": 470
	},
	{
		"location_name": "Toronto (CANADA)",
		"port_тame": "Monreal, CA",
		"cost_usd": 800
	},
	{
		"location_name": "Hamilton (CANADA)",
		"port_тame": "Monreal, CA",
		"cost_usd": 710
	},
	{
		"location_name": "London (CANADA)",
		"port_тame": "Monreal, CA",
		"cost_usd": 700
	},
	{
		"location_name": "Montreal CA (Copart)",
		"port_тame": "Monreal, CA",
		"cost_usd": 800
	},
	{
		"location_name": "Ottawa CA (Impact)",
		"port_тame": "Monreal, CA",
		"cost_usd": 525
	},
	{
		"location_name": "QUEBEC CITY CA (Impact)",
		"port_тame": "Monreal, CA",
		"cost_usd": 550
	},
	{
		"location_name": "Sudbury (CANADA)",
		"port_тame": "Monreal, CA",
		"cost_usd": 950
	},
	{
		"location_name": "Halifax CA (Impact)",
		"port_тame": "Monreal, CA",
		"cost_usd": 1025
	},
	{
		"location_name": "MONCTON CA (Impact)",
		"port_тame": "Monreal, CA",
		"cost_usd": 925
	},
	{
		"location_name": "Edmonton CA (Impact)",
		"port_тame": "Monreal, CA",
		"cost_usd": 1700
	},
	{
		"location_name": "Calgary CA (Impact)",
		"port_тame": "Monreal, CA",
		"cost_usd": 1700
	},
	{
		"location_name": "St Johns Newfoundland CA (Impact)",
		"port_тame": "Monreal, CA",
		"cost_usd": 1700
	},
	{
		"location_name": "Vancouver (CANADA)",
		"port_тame": "Monreal, CA",
		"cost_usd": 2350
	},
	{
		"location_name": "Saskatoon (CANADA)",
		"port_тame": "Monreal, CA",
		"cost_usd": 1700
	},
	{
		"location_name": "Winnipeg",
		"port_тame": "Monreal, CA",
		"cost_usd": 1700
	},
	{
		"location_name": "Stouffville",
		"port_тame": "Monreal, CA",
		"cost_usd": 650
	},
	{
		"location_name": "Winchester CA (Impact)",
		"port_тame": "Monreal, CA",
		"cost_usd": 525
	},
	{
		"location_name": "Rivieredu Loup/QC CA (Impact)",
		"port_тame": "Monreal, CA",
		"cost_usd": 950
	},
	{
		"location_name": "St Filibere/QC (CANADA)",
		"port_тame": "Monreal, CA",
		"cost_usd": 800
	},
	{
		"location_name": "Manitoba",
		"port_тame": "Monreal, CA",
		"cost_usd": 1400
	},
	{
		"location_name": "Kenora",
		"port_тame": "Monreal, CA",
		"cost_usd": 1300
	},
	{
		"location_name": "Calgary CA (Copart)",
		"port_тame": "Monreal, CA",
		"cost_usd": 1800
	},
	{
		"location_name": "Edmonton CA (Copart)",
		"port_тame": "Monreal, CA",
		"cost_usd": 1800
	},
	{
		"location_name": "Halifax CA (Copart)",
		"port_тame": "Monreal, CA",
		"cost_usd": 1450
	},
	{
		"location_name": "Moncton CA (Copart)",
		"port_тame": "Monreal, CA",
		"cost_usd": 1525
	},
	{
		"location_name": "Ottawa CA (Copart)",
		"port_тame": "Monreal, CA",
		"cost_usd": 800
	},
	{
		"location_name": "QUEBEC CITI CA (Copart)",
		"port_тame": "Monreal, CA",
		"cost_usd": 800
	},
	{
		"location_name": "ST JOHNS CA (Copart)",
		"port_тame": "Monreal, CA",
		"cost_usd": 2300
	},
	{
		"location_name": "Winchester CA (Copart)",
		"port_тame": "Monreal, CA",
		"cost_usd": 800
	},
	{
		"location_name": "Rivieredu LOUP/QC CA (Copart)",
		"port_тame": "Monreal, CA",
		"cost_usd": 1400
	},
	{
		"location_name": "Montreal CA (Impact)",
		"port_тame": "Monreal, CA",
		"cost_usd": 450
	},
	{
		"location_name": "COOKSTOWN (Copart)",
		"port_тame": "Monreal, CA",
		"cost_usd": 650
	},
	{
		"location_name": "COOKSTOWN (Impact)",
		"port_тame": "Monreal, CA",
		"cost_usd": 850
	},
	{
		"location_name": "PORTLAND NORTH - OR",
		"port_тame": "SEATTLE, WA",
		"cost_usd": 670
	},
	{
		"location_name": "PORTLAND SOUTH - OR",
		"port_тame": "SEATTLE, WA",
		"cost_usd": 670
	},
	{
		"location_name": "Billings MT",
		"port_тame": "SEATTLE, WA",
		"cost_usd": 1120
	},
	{
		"location_name": "Pasco - WA",
		"port_тame": "SEATTLE, WA",
		"cost_usd": 670
	},
	{
		"location_name": "GRAHAM - WA",
		"port_тame": "SEATTLE, WA",
		"cost_usd": 570
	},
	{
		"location_name": "PUYALLUP - WA",
		"port_тame": "SEATTLE, WA",
		"cost_usd": 500
	},
	{
		"location_name": "NORTH SEATLE",
		"port_тame": "SEATTLE, WA",
		"cost_usd": 520
	},
	{
		"location_name": "BOISE-ID",
		"port_тame": "SEATTLE, WA",
		"cost_usd": 770
	},
	{
		"location_name": "PORTLAND (OR)",
		"port_тame": "SEATTLE, WA",
		"cost_usd": 670
	},
	{
		"location_name": "HELENA-MT",
		"port_тame": "SEATTLE, WA",
		"cost_usd": 1070
	},
	{
		"location_name": "SPANAWAY WA",
		"port_тame": "SEATTLE, WA",
		"cost_usd": 495
	},
	{
		"location_name": "MISSOULA(MT)",
		"port_тame": "SEATTLE, WA",
		"cost_usd": 970
	},
	{
		"location_name": "SPOKANE - WA",
		"port_тame": "SEATTLE, WA",
		"cost_usd": 620
	},
	{
		"location_name": "SEATTLE (WA)",
		"port_тame": "SEATTLE, WA",
		"cost_usd": 420
	},
	{
		"location_name": "EUGENE - OR",
		"port_тame": "SEATTLE, WA",
		"cost_usd": 670
	},
	{
		"location_name": "ANCHORAGE - AK",
		"port_тame": "SEATTLE, WA",
		"cost_usd": 2770
	}
]
